{
  "metadata": [
    {
      "src": [
        {
          "files": [
            "src/**.csproj"
          ],
          "exclude": [
            "**/obj/**",
            "**/bin/**",
            "_site/**"
          ]
        }
      ],
      "dest": "api",
      "disableGitFeatures": false,
      "disableDefaultFilter": false,
      "allowCompilationErrors": true,
      "filter": "filter.yml"
    }
  ],
  "build": {
    "content": [
      {
        "files": [
          "api/**.yml",
          "api/index.md"
        ]
      },
      {
        "files": [
          "manual/**.md",
          "manual/**/toc.yml",
          "changelog/**.md",
          "changelog/**/toc.yml",
          "license/**.md",
          "license/**/toc.yml",
          "toc.yml",
          "*.md"
        ],
        "exclude": [
          "obj/**",
          "_site/**"
        ]
      }
    ],
    "resource": [
      {
        "files": [
          "images/**",
          "manual/images/**",
          "files/**",
          "manual/files/**",
          "logo.svg"
        ],
        "exclude": [
          "obj/**",
          "_site/**"
        ]
      }
    ],
    "overwrite": [
      {
        "files": [
          "apidoc/**.md"
        ],
        "exclude": [
          "obj/**",
          "_site/**"
        ]
      }
    ],
    "dest": "_site",
    "globalMetadataFiles": [
      "globalMetadata.json"
    ],
    "fileMetadataFiles": [
      "fileMetadata.json"
    ],
    "template": [
      $TEMPLATE
    ],
    "postProcessors": [],
    "markdownEngineName": "markdig",
    "noLangKeyword": false,
    "keepFileLink": false,
    "cleanupCacheHistory": false,
    "disableGitFeatures": false,
    "xrefService": [
      "https://xref.docs.microsoft.com/query?uid={uid}"
    ]
  }
}
